emart,Sa Xi Lon
emart,Sa Xi Zero Lon
emart,Xi Pet 390
emart,Xi Pet 1.5L
SM,Sa Xi Lon
SM,Sa Xi Zero Lon
SM,Xi Pet 390
SM,Xi Pet 1.5L
SM,Soda Kem Lon
SM,Suoi 500mL
SM,Soda Lon
Nhan Van,Sa Xi Lon
Nhan Van,Sa Xi Zero Lon
Nhan Van,Xi Pet 390
Nhan Van,Xi Pet 1.5L
Nhan Van,Soda Kem Lon
Nhan Van,Suoi 500mL
Nhan Van,Soda Lon
MM,Sa Xi Lon
MM,Sa Xi Zero Lon
MM,Soda Lon
Bee,Sa Xi Lon
Bee,Sa Xi Zero Lon
Bee,Xi Pet 390
Bee,Xi Pet 1.5L
Bee,Soda Kem Lon
Upzent,Sa Xi Lon
Upzent,Sa Xi Zero Lon
Upzent,Xi Pet 390
Upzent,Xi Pet 1.5L
Genshai,Sa Xi Lon
Genshai,Sa Xi Zero Lon
Genshai,Xi Pet 390
Genshai,Xi Pet 1.5L
Genshai,Soda Kem Lon
Genshai,Suoi 500mL
Genshai,Soda Lon
B'smart,Sa Xi Lon
B'smart,Sa Xi Zero Lon
Gs25,Sa Xi Lon
Gs25,Sa Xi Zero Lon
Gs25,Xi Pet 390
Gs25,Soda Kem Lon
CM,Sa Xi Lon
CM,Sa Xi Zero Lon
CM,Xi Pet 390
CM,Xi Pet 1.5L
XTRA,Sa Xi Lon
XTRA,Sa Xi Zero Lon
XTRA,Xi Pet 390
XTRA,Xi Pet 1.5L
CF,Sa Xi Lon
CF,Sa Xi Zero Lon
CF,Xi Pet 390
CF,Xi Pet 1.5L
SF,Sa Xi Lon
SF,Sa Xi Zero Lon
SF,Xi Pet 390
SF,Xi Pet 1.5L
SF,Soda Kem Lon
SF,Suoi 500mL
SF,Soda Lon
BHX,Sa Xi Lon
SH,Sa Xi Lon
GO!,Sa Xi Lon
GO!,Sa Xi Zero Lon
GO!,Xi Pet 390
GO!,Xi Pet 1.5L
GO!,Soda Kem Lon
MIO,Sa Xi Lon
MIO,Sa Xi Zero Lon
MIO,Xi Pet 390
MIO,Xi Pet 1.5L
CS,Sa Xi Lon
CS,Sa Xi Zero Lon
CS,Xi Pet 390
CS,Xi Pet 1.5L
CM,Soda Lon
CF,Soda Lon
